Method;Job;AnalyzeLaunchVariance;EvaluateOverhead;MaxAbsoluteError;MaxRelativeError;MinInvokeCount;MinIterationTime;OutlierMode;Affinity;EnvironmentVariables;Jit;LargeAddressAware;Platform;PowerPlanMode;Runtime;AllowVeryLargeObjects;Concurrent;CpuGroups;Force;HeapAffinitizeMask;HeapCount;NoAffinitize;RetainVm;Server;Arguments;BuildConfiguration;Clock;EngineFactory;NuGetReferences;Toolchain;IsMutator;InvocationCount;IterationCount;IterationTime;LaunchCount;MaxIterationCount;MaxWarmupIterationCount;MemoryRandomization;MinIterationCount;MinWarmupIterationCount;RunStrategy;UnrollFactor;WarmupCount;PointsCount;Mean;Error;Ratio;Rank;Allocated;Alloc Ratio
CpuSequential;Dry;False;Default;Default;Default;Default;Default;Default;000000000000000000;Empty;RyuJit;Default;Arm64;8c5e7fda-e8bf-4a96-9a85-a6e23a8c635c;.NET 10.0;False;True;False;True;Default;Default;False;False;False;Default;Default;Default;Default;Default;Default;Default;Default;1;Default;1;Default;Default;Default;Default;Default;ColdStart;1;1;100;416.7 μs;NA;1.00;1;39.14 KB;1.00
CpuParallel;Dry;False;Default;Default;Default;Default;Default;Default;000000000000000000;Empty;RyuJit;Default;Arm64;8c5e7fda-e8bf-4a96-9a85-a6e23a8c635c;.NET 10.0;False;True;False;True;Default;Default;False;False;False;Default;Default;Default;Default;Default;Default;Default;Default;1;Default;1;Default;Default;Default;Default;Default;ColdStart;1;1;100;631.1 μs;NA;1.51;2;42.37 KB;1.08
Gpu;Dry;False;Default;Default;Default;Default;Default;Default;000000000000000000;Empty;RyuJit;Default;Arm64;8c5e7fda-e8bf-4a96-9a85-a6e23a8c635c;.NET 10.0;False;True;False;True;Default;Default;False;False;False;Default;Default;Default;Default;Default;Default;Default;Default;1;Default;1;Default;Default;Default;Default;Default;ColdStart;1;1;100;"2,635.4 μs";NA;6.32;3;39.1 KB;1.00
Ilgpu;Dry;False;Default;Default;Default;Default;Default;Default;000000000000000000;Empty;RyuJit;Default;Arm64;8c5e7fda-e8bf-4a96-9a85-a6e23a8c635c;.NET 10.0;False;True;False;True;Default;Default;False;False;False;Default;Default;Default;Default;Default;Default;Default;Default;1;Default;1;Default;Default;Default;Default;Default;ColdStart;1;1;100;"7,880.9 μs";NA;18.91;4;39.86 KB;1.02
CpuSequential;Dry;False;Default;Default;Default;Default;Default;Default;000000000000000000;Empty;RyuJit;Default;Arm64;8c5e7fda-e8bf-4a96-9a85-a6e23a8c635c;.NET 10.0;False;True;False;True;Default;Default;False;False;False;Default;Default;Default;Default;Default;Default;Default;Default;1;Default;1;Default;Default;Default;Default;Default;ColdStart;1;1;500;999.0 μs;NA;1.00;1;976.64 KB;1.00
CpuParallel;Dry;False;Default;Default;Default;Default;Default;Default;000000000000000000;Empty;RyuJit;Default;Arm64;8c5e7fda-e8bf-4a96-9a85-a6e23a8c635c;.NET 10.0;False;True;False;True;Default;Default;False;False;False;Default;Default;Default;Default;Default;Default;Default;Default;1;Default;1;Default;Default;Default;Default;Default;ColdStart;1;1;500;"1,494.2 μs";NA;1.50;2;980.44 KB;1.00
Gpu;Dry;False;Default;Default;Default;Default;Default;Default;000000000000000000;Empty;RyuJit;Default;Arm64;8c5e7fda-e8bf-4a96-9a85-a6e23a8c635c;.NET 10.0;False;True;False;True;Default;Default;False;False;False;Default;Default;Default;Default;Default;Default;Default;Default;1;Default;1;Default;Default;Default;Default;Default;ColdStart;1;1;500;"2,757.1 μs";NA;2.76;3;976.6 KB;1.00
Ilgpu;Dry;False;Default;Default;Default;Default;Default;Default;000000000000000000;Empty;RyuJit;Default;Arm64;8c5e7fda-e8bf-4a96-9a85-a6e23a8c635c;.NET 10.0;False;True;False;True;Default;Default;False;False;False;Default;Default;Default;Default;Default;Default;Default;Default;1;Default;1;Default;Default;Default;Default;Default;ColdStart;1;1;500;"35,437.0 μs";NA;35.47;4;977.34 KB;1.00
CpuSequential;Dry;False;Default;Default;Default;Default;Default;Default;000000000000000000;Empty;RyuJit;Default;Arm64;8c5e7fda-e8bf-4a96-9a85-a6e23a8c635c;.NET 10.0;False;True;False;True;Default;Default;False;False;False;Default;Default;Default;Default;Default;Default;Default;Default;1;Default;1;Default;Default;Default;Default;Default;ColdStart;1;1;1000;"1,583.2 μs";NA;1.00;1;3906.33 KB;1.00
CpuParallel;Dry;False;Default;Default;Default;Default;Default;Default;000000000000000000;Empty;RyuJit;Default;Arm64;8c5e7fda-e8bf-4a96-9a85-a6e23a8c635c;.NET 10.0;False;True;False;True;Default;Default;False;False;False;Default;Default;Default;Default;Default;Default;Default;Default;1;Default;1;Default;Default;Default;Default;Default;ColdStart;1;1;1000;"2,353.0 μs";NA;1.49;2;3911.58 KB;1.00
Gpu;Dry;False;Default;Default;Default;Default;Default;Default;000000000000000000;Empty;RyuJit;Default;Arm64;8c5e7fda-e8bf-4a96-9a85-a6e23a8c635c;.NET 10.0;False;True;False;True;Default;Default;False;False;False;Default;Default;Default;Default;Default;Default;Default;Default;1;Default;1;Default;Default;Default;Default;Default;ColdStart;1;1;1000;"5,493.9 μs";NA;3.47;3;3906.29 KB;1.00
Ilgpu;Dry;False;Default;Default;Default;Default;Default;Default;000000000000000000;Empty;RyuJit;Default;Arm64;8c5e7fda-e8bf-4a96-9a85-a6e23a8c635c;.NET 10.0;False;True;False;True;Default;Default;False;False;False;Default;Default;Default;Default;Default;Default;Default;Default;1;Default;1;Default;Default;Default;Default;Default;ColdStart;1;1;1000;"109,984.1 μs";NA;69.47;4;3907.02 KB;1.00
